LimitationId,Description,AppliesToThisTenantYesNo,AcceptedNonBlockingYesNo,GoLiveBlockingYesNo,Owner,TargetDate,AccountingProductApproval,Notes
FIN-LIM-0009,Posted AP payment reversal/void accounting is not implemented.,,,,,,,
FIN-LIM-0010,Posted AR receipt/customer payment void/reversal accounting is not implemented.,,,,,,,
FIN-LIM-0011,Cash/bank transaction reversal/void posting remains deferred.,,,,,,,
FIN-LIM-0012,Sales credit-note reversal/adjustment posting is not implemented.,,,,,,,
FIN-LIM-0013,Compatibility CustomerPayment.IsCreditNote path remains weaker than the primary Sales CreditNote workflow.,,,,,,,
FIN-LIM-0014,Role grants remain global rather than tenant-specific; data access is tenant-scoped by TenantId.,,,,,,,
FIN-LIM-0021,Cross-currency cash/bank transfers and cross-currency reconciliation handling remain unsupported or incomplete.,,,,,,,
FIN-LIM-0022,AP/AR cross-currency settlement is not fully supported when payment/receipt currency differs from allocated invoice currency.,,,,,,,
FIN-LIM-0028,Fixed asset capitalization from procurement receipt/GRV accrual clearing is deferred and guarded.,,,,,,,
FIN-LIM-0030,Fixed asset capitalization reversal/correction accounting is not implemented.,,,,,,,
FIN-LIM-0031,Only straight-line depreciation is supported; other depreciation methods are rejected.,,,,,,,
FIN-LIM-0033,Depreciation run reversal/correction accounting is not implemented.,,,,,,,
FIN-LIM-0034,Period close does not yet enforce fixed-asset depreciation completeness for every active depreciable asset.,,,,,,,
FIN-LIM-0035,Impairment reversal accounting is not implemented; unsupported reversal attempts are rejected.,,,,,,,
FIN-LIM-0037,Posted revaluation/impairment reversal supersession and correction accounting is not implemented.,,,,,,,
FIN-LIM-0038,GL-impacting fixed asset reclassification transfers between accounts/dimensions are not implemented.,,,,,,,
FIN-LIM-0039,Final or partial-period depreciation through disposal date is not automatically calculated.,,,,,,,
FIN-LIM-0040,Fixed asset sale disposal does not create AR invoices cash/bank receipts VAT documents or statutory sale tax outputs.,,,,,,,
FIN-LIM-0041,Revaluation surplus transfer within equity on disposal is not implemented.,,,,,,,
FIN-LIM-0042,Partial/component disposal is not supported; only whole-asset disposal/write-off is supported.,,,,,,,
FIN-LIM-0043,Foreign-currency disposal proceeds are rejected.,,,,,,,
FIN-LIM-0045,Unapplied AP payments AR receipts customer advances and supplier advances are not yet presented as a dedicated aging/statement balance class.,,,,,,,
FIN-LIM-0046,Rich formatted PDF/Excel finance report packs are not implemented beyond backend CSV export foundation.,,,,,,,
FIN-LIM-0047,Portal-specific Ghana statutory filing pack formats and full WHT/VAT withholding certificate workflow are not implemented beyond backend reference tracking and CSV reports.,,,,,,,
FIN-LIM-0048,AP AR and fixed-asset subledger opening balances are not yet migrated as posted source documents/read-model facts; GL opening balances alone cannot support source-level aging/register sign-off.,,,,,,,
